-- phpMyAdmin SQL Dump
-- version 4.8.5
-- https://www.phpmyadmin.net/
--
-- Host: 127.0.0.1
-- Generation Time: 07-Jul-2020 às 18:51
-- Versão do servidor: 10.4.8-MariaDB
-- versão do PHP: 5.6.40

SET SQL_MODE = "NO_AUTO_VALUE_ON_ZERO";
SET AUTOCOMMIT = 0;
START TRANSACTION;
SET time_zone = "+00:00";


/*!40101 SET @OLD_CHARACTER_SET_CLIENT=@@CHARACTER_SET_CLIENT */;
/*!40101 SET @OLD_CHARACTER_SET_RESULTS=@@CHARACTER_SET_RESULTS */;
/*!40101 SET @OLD_COLLATION_CONNECTION=@@COLLATION_CONNECTION */;
/*!40101 SET NAMES utf8mb4 */;

--
-- Database: `sicob`
--

-- --------------------------------------------------------

--
-- Estrutura da tabela `arquivos_cepuerj`
--

CREATE TABLE `arquivos_cepuerj` (
  `id_arq_cepuerj` int(11) NOT NULL,
  `id_bol_cepuerj` int(11) NOT NULL,
  `arquivo` varchar(150) NOT NULL,
  `tipo` int(1) NOT NULL
) ENGINE=InnoDB DEFAULT CHARSET=latin1;

-- --------------------------------------------------------

--
-- Estrutura da tabela `arquivos_convenio`
--

CREATE TABLE `arquivos_convenio` (
  `id_arq_convenio` int(11) NOT NULL,
  `id_bol_convenio` int(11) NOT NULL,
  `arquivo` varchar(150) NOT NULL,
  `tipo` int(1) NOT NULL
) ENGINE=InnoDB DEFAULT CHARSET=latin1;

--
-- Extraindo dados da tabela `arquivos_convenio`
--

INSERT INTO `arquivos_convenio` (`id_arq_convenio`, `id_bol_convenio`, `arquivo`, `tipo`) VALUES
(1, 1, '001-09-01-2019-cc', 1),
(2, 1, '001-09-01-2019-des', 5),
(3, 1, '001-09-01-2019-fix', 2),
(4, 1, '001-09-01-2019-poup', 3),
(5, 1, '001-09-01-2019-rec', 4),
(6, 2, '002-16-01-2019-cc', 1),
(7, 2, '002-16-01-2019-des', 5),
(8, 2, '002-16-01-2019-fix', 2),
(9, 2, '002-16-01-2019-poup', 3),
(10, 2, '002-16-01-2019-rec', 4),
(11, 3, '003-23-01-2019-cc', 1),
(12, 3, '003-23-01-2019-des', 5),
(13, 3, '003-23-01-2019-fix', 2),
(14, 3, '003-23-01-2019-poup', 3),
(15, 3, '003-23-01-2019-rec', 4),
(16, 5, '005-13-02-2019-cc', 1),
(17, 5, '005-13-02-2019-des', 5),
(18, 5, '005-13-02-2019-fix', 2),
(19, 5, '005-13-02-2019-poup', 3),
(20, 5, '005-13-02-2019-rec', 4),
(21, 4, '004-31-01-2019-cc', 1),
(22, 4, '004-31-01-2019-des', 5),
(23, 4, '004-31-01-2019-fix', 2),
(24, 4, '004-31-01-2019-poup', 3),
(25, 4, '004-31-01-2019-rec', 4),
(26, 6, '006-20-02-2019-cc', 1),
(27, 6, '006-20-02-2019-des', 5),
(28, 6, '006-20-02-2019-fix', 2),
(29, 6, '006-20-02-2019-poup', 3),
(30, 6, '006-20-02-2019-rec', 4),
(32, 7, '007-26-02-2019-cc', 1),
(33, 7, '007-26-02-2019-des', 5),
(34, 7, '007-26-02-2019-fix', 2),
(35, 7, '007-26-02-2019-poup', 3),
(36, 7, '007-26-02-2019-rec', 4),
(42, 9, '009-13-03-2019-cc', 1),
(43, 9, '009-13-03-2019-des', 5),
(44, 9, '009-13-03-2019-fix', 2),
(45, 9, '009-13-03-2019-poup', 3),
(46, 9, '009-13-03-2019-rec', 4),
(47, 10, '010-20-03-2019-cc', 1),
(48, 10, '010-20-03-2019-des', 5),
(49, 10, '010-20-03-2019-fix', 2),
(50, 10, '010-20-03-2019-poup', 3),
(51, 10, '010-20-03-2019-rec', 4),
(52, 11, '011-27-03-2019-cc', 1),
(53, 11, '011-27-03-2019-des', 5),
(54, 11, '011-27-03-2019-fix', 2),
(55, 11, '011-27-03-2019-poup', 3),
(56, 11, '011-27-03-2019-rec', 4),
(62, 13, '013-10-04-2019-cc', 1),
(63, 13, '013-10-04-2019-des', 5),
(64, 13, '013-10-04-2019-fix', 2),
(65, 13, '013-10-04-2019-poup', 3),
(66, 13, '013-10-04-2019-rec', 4),
(67, 14, '014-16-04-2019-cc', 1),
(68, 14, '014-16-04-2019-des', 5),
(69, 14, '014-16-04-2019-fix', 2),
(70, 14, '014-16-04-2019-poup', 3),
(71, 14, '014-16-04-2019-rec', 4),
(72, 15, '015-23-04-2019-fix', 2),
(73, 15, '015-23-04-2019-poup', 3),
(74, 15, '015-23-04-2019-rec', 4),
(75, 15, '015-23-04-2019-cc', 1),
(76, 15, '015-23-04-2019-des', 5),
(82, 17, '017-08-05-2019-fix', 2),
(83, 17, '017-08-05-2019-poup', 3),
(84, 17, '017-08-05-2019-rec', 4),
(85, 17, '017-08-05-2019-cc', 1),
(86, 17, '017-08-05-2019-des', 5),
(87, 18, '018-15-05-2019-fix', 2),
(88, 18, '018-15-05-2019-poup', 3),
(89, 18, '018-15-05-2019-rec', 4),
(90, 18, '018-15-05-2019-cc', 1),
(91, 18, '018-15-05-2019-des', 5),
(92, 19, '019-22-05-2019-des', 5),
(93, 19, '019-22-05-2019-fix', 2),
(94, 19, '019-22-05-2019-poup', 3),
(95, 19, '019-22-05-2019-rec', 4),
(96, 19, '019-22-05-2019-cc', 1),
(97, 20, '020-31-05-2019-des', 5),
(98, 20, '020-31-05-2019-fix', 2),
(99, 20, '020-31-05-2019-poup', 3),
(100, 20, '020-31-05-2019-rec', 4),
(101, 20, '020-31-05-2019-cc', 1),
(102, 21, '021-12-06-2019-fix', 2),
(103, 21, '021-12-06-2019-poup', 3),
(104, 21, '021-12-06-2019-rec', 4),
(105, 21, '021-12-06-2019-cc', 1),
(106, 21, '021-12-06-2019-des', 5),
(107, 22, '022-17-06-2019-fix', 2),
(108, 22, '022-17-06-2019-poup', 3),
(109, 22, '022-17-06-2019-rec', 4),
(110, 22, '022-17-06-2019-cc', 1),
(111, 22, '022-17-06-2019-des', 5),
(112, 23, '023-26-06-2019-cc', 1),
(113, 23, '023-26-06-2019-des', 5),
(114, 23, '023-26-06-2019-fix', 2),
(115, 23, '023-26-06-2019-poup', 3),
(116, 23, '023-26-06-2019-rec', 4),
(130, 12, '012-31-03-2019-cc', 1),
(131, 12, '012-31-03-2019-des', 5),
(132, 12, '012-31-03-2019-fix', 2),
(133, 12, '012-31-03-2019-poup', 3),
(134, 12, '012-31-03-2019-rec', 4),
(135, 16, '016-30-04-2019-cc', 1),
(136, 16, '016-30-04-2019-des', 5),
(137, 16, '016-30-04-2019-fix', 2),
(138, 16, '016-30-04-2019-poup', 3),
(139, 16, '016-30-04-2019-rec', 4),
(150, 24, '024-30-06-2019-rec', 4),
(151, 24, '024-30-06-2019-poup', 3),
(152, 24, '024-30-06-2019-fix', 2),
(153, 24, '024-30-06-2019-des', 5),
(154, 24, '024-30-06-2019-cc', 1),
(165, 8, '008-28-02-2019-rec', 4),
(166, 8, '008-28-02-2019-poup', 3),
(167, 8, '008-28-02-2019-fix', 2),
(168, 8, '008-28-02-2019-des', 5),
(169, 8, '008-28-02-2019-cc', 1),
(180, 25, '025-10-07-2019-des', 5),
(181, 25, '025-10-07-2019-rec', 4),
(182, 25, '025-10-07-2019-poup', 3),
(183, 25, '025-10-07-2019-fix', 2),
(184, 25, '025-10-07-2019-cc', 1),
(185, 26, '026-17-07-2019-des', 5),
(186, 26, '026-17-07-2019-rec', 4),
(187, 26, '026-17-07-2019-poup', 3),
(188, 26, '026-17-07-2019-fix', 2),
(189, 26, '026-17-07-2019-cc', 1),
(195, 27, '027-24-07-2019-des', 5),
(196, 27, '027-24-07-2019-rec', 4),
(197, 27, '027-24-07-2019-cc', 1),
(198, 27, '027-24-07-2019-poup', 3),
(199, 27, '027-24-07-2019-fix', 2),
(220, 28, '028-31-07-2019-cc', 1),
(221, 28, '028-31-07-2019-poup', 3),
(222, 28, '028-31-07-2019-des', 5),
(223, 28, '028-31-07-2019-rec', 4),
(224, 28, '028-31-07-2019-fix', 2),
(250, 29, '029-14-08-2019-des', 5),
(251, 29, '029-14-08-2019-rec', 4),
(252, 29, '029-14-08-2019-poup', 3),
(253, 29, '029-14-08-2019-fix', 2),
(254, 29, '029-14-08-2019-cc', 1),
(255, 30, '030-21-08-2019-des', 5),
(256, 30, '030-21-08-2019-rec', 4),
(257, 30, '030-21-08-2019-fix', 2),
(258, 30, '030-21-08-2019-cc', 1),
(259, 30, '030-21-08-2019-poup', 3),
(260, 31, '031-28-08-2019-des', 5),
(261, 31, '031-28-08-2019-rec', 4),
(262, 31, '031-28-08-2019-poup', 3),
(263, 31, '031-28-08-2019-fix', 2),
(264, 31, '031-28-08-2019-cc', 1),
(265, 32, '032-31-08-2019-des', 5),
(266, 32, '032-31-08-2019-rec', 4),
(267, 32, '032-31-08-2019-poup', 3),
(268, 32, '032-31-08-2019-fix', 2),
(269, 32, '032-31-08-2019-cc', 1),
(288, 33, '033-11-09-2019-rec', 4),
(289, 33, '033-11-09-2019-poup', 3),
(290, 33, '033-11-09-2019-nf4', 6),
(291, 33, '033-11-09-2019-nf3', 6),
(292, 33, '033-11-09-2019-nf2', 6),
(293, 33, '033-11-09-2019-nf1', 6),
(294, 33, '033-11-09-2019-fix', 2),
(295, 33, '033-11-09-2019-des', 5),
(296, 33, '033-11-09-2019-cc', 1),
(297, 34, '034-18-09-2019-rec', 4),
(298, 34, '034-18-09-2019-poup', 3),
(299, 34, '034-18-09-2019-fix', 2),
(300, 34, '034-18-09-2019-des', 5),
(301, 34, '034-18-09-2019-cc', 1),
(302, 35, '035-25-09-2019-rec', 4),
(303, 35, '035-25-09-2019-poup', 3),
(304, 35, '035-25-09-2019-fix', 2),
(305, 35, '035-25-09-2019-des', 5),
(306, 35, '035-25-09-2019-cc', 1),
(323, 36, '036-30-09-2019-ext', 9),
(324, 36, '036-30-09-2019-des', 5),
(325, 36, '036-30-09-2019-cc', 1),
(326, 36, '036-30-09-2019-rec', 4),
(327, 36, '036-30-09-2019-poup', 3),
(328, 36, '036-30-09-2019-fix', 2),
(329, 37, '037-09-10-2019-rec', 4),
(330, 37, '037-09-10-2019-poup', 3),
(331, 37, '037-09-10-2019-fix', 2),
(332, 37, '037-09-10-2019-des', 5),
(333, 37, '037-09-10-2019-cc', 1),
(334, 38, '038-16-10-2019-rec', 4),
(335, 38, '038-16-10-2019-poup', 3),
(336, 38, '038-16-10-2019-fix', 2),
(337, 38, '038-16-10-2019-des', 5),
(338, 38, '038-16-10-2019-cc', 1),
(344, 39, '039-23-10-2019-rec', 4),
(345, 39, '039-23-10-2019-poup', 3),
(346, 39, '039-23-10-2019-fix', 2),
(347, 39, '039-23-10-2019-des', 5),
(348, 39, '039-23-10-2019-cc', 1),
(359, 40, '040-31-10-2019-rec', 4),
(360, 40, '040-31-10-2019-poup', 3),
(361, 40, '040-31-10-2019-fix', 2),
(362, 40, '040-31-10-2019-des', 5),
(363, 40, '040-31-10-2019-cc', 1),
(400, 41, '041-13-11-2019-rec', 4),
(401, 41, '041-13-11-2019-poup', 3),
(402, 41, '041-13-11-2019-nf', 6),
(403, 41, '041-13-11-2019-fix', 2),
(404, 41, '041-13-11-2019-des', 5),
(405, 41, '041-13-11-2019-cc', 1),
(406, 42, '042-20-11-2019-rec', 4),
(407, 42, '042-20-11-2019-poup', 3),
(408, 42, '042-20-11-2019-fix', 2),
(409, 42, '042-20-11-2019-des', 5),
(410, 42, '042-20-11-2019-cc', 1);

-- --------------------------------------------------------

--
-- Estrutura da tabela `arquivos_financeiro`
--

CREATE TABLE `arquivos_financeiro` (
  `id_arq_financeiro` int(11) NOT NULL,
  `id_bol_financeiro` int(11) NOT NULL,
  `arquivo` varchar(150) NOT NULL,
  `tipo` int(1) NOT NULL
) ENGINE=InnoDB DEFAULT CHARSET=latin1;

--
-- Extraindo dados da tabela `arquivos_financeiro`
--

INSERT INTO `arquivos_financeiro` (`id_arq_financeiro`, `id_bol_financeiro`, `arquivo`, `tipo`) VALUES
(1, 1, '001-03-01-2019-cc', 1),
(2, 1, '001-03-01-2019-des', 3),
(3, 1, '001-03-01-2019-rec', 2),
(4, 2, '002-07-01-2019-cc', 1),
(5, 2, '002-07-01-2019-des', 5),
(6, 2, '002-07-01-2019-rec', 4),
(7, 3, '003-08-01-2019-cc', 1),
(8, 3, '003-08-01-2019-des', 5),
(9, 3, '003-08-01-2019-rec', 4),
(10, 4, '004-09-01-2019-cc', 1),
(11, 4, '004-09-01-2019-des', 5),
(12, 4, '004-09-01-2019-rec', 4),
(13, 5, '005-10-01-2019-cc', 1),
(14, 5, '005-10-01-2019-des', 5),
(15, 5, '005-10-01-2019-rec', 4),
(16, 6, '006-14-01-2019-cc', 1),
(17, 6, '006-14-01-2019-des', 5),
(18, 6, '006-14-01-2019-rec', 4),
(19, 7, '007-16-01-2019-cc', 1),
(20, 7, '007-16-01-2019-des', 5),
(21, 7, '007-16-01-2019-rec', 4),
(22, 8, '008-18-01-2019-cc', 1),
(23, 8, '008-18-01-2019-des', 5),
(24, 8, '008-18-01-2019-rec', 4),
(25, 9, '009-21-01-2019-cc', 1),
(26, 9, '009-21-01-2019-des', 5),
(27, 9, '009-21-01-2019-rec', 4),
(28, 10, '010-22-01-2019-cc', 1),
(29, 10, '010-22-01-2019-des', 5),
(30, 10, '010-22-01-2019-rec', 4),
(31, 11, '011-23-01-2019-cc', 1),
(32, 11, '011-23-01-2019-des', 5),
(33, 11, '011-23-01-2019-rec', 4),
(34, 12, '012-25-01-2019-cc', 1),
(35, 12, '012-25-01-2019-des', 5),
(36, 12, '012-25-01-2019-rec', 4),
(37, 13, '013-28-01-2019-cc', 1),
(38, 13, '013-28-01-2019-des', 5),
(39, 13, '013-28-01-2019-rec', 4),
(40, 14, '014-29-01-2019-cc', 1),
(41, 14, '014-29-01-2019-des', 5),
(42, 14, '014-29-01-2019-rec', 4),
(43, 15, '015-30-01-2019-cc', 1),
(44, 15, '015-30-01-2019-des', 5),
(45, 15, '015-30-01-2019-rec', 4),
(46, 16, '016-31-01-2019-cc', 1),
(47, 16, '016-31-01-2019-des', 5),
(48, 16, '016-31-01-2019-rec', 4),
(49, 17, '017-04-02-2019-cc', 1),
(50, 17, '017-04-02-2019-des', 5),
(51, 17, '017-04-02-2019-rec', 4),
(52, 18, '018-05-02-2019-cc', 1),
(53, 18, '018-05-02-2019-des', 5),
(54, 18, '018-05-02-2019-rec', 4),
(55, 19, '019-06-02-2019-cc', 1),
(56, 19, '019-06-02-2019-des', 5),
(57, 19, '019-06-02-2019-rec', 4),
(58, 20, '020-07-02-2019-cc', 1),
(59, 20, '020-07-02-2019-des', 5),
(60, 20, '020-07-02-2019-rec', 4),
(61, 21, '021-08-02-2019-cc', 1),
(62, 21, '021-08-02-2019-des', 5),
(63, 21, '021-08-02-2019-rec', 4),
(64, 22, '022-11-02-2019-cc', 1),
(65, 22, '022-11-02-2019-des', 5),
(66, 22, '022-11-02-2019-rec', 4),
(67, 23, '023-12-02-2019-cc', 1),
(68, 23, '023-12-02-2019-des', 5),
(69, 23, '023-12-02-2019-rec', 4),
(70, 24, '024-13-02-2019-cc', 1),
(71, 24, '024-13-02-2019-des', 5),
(72, 24, '024-13-02-2019-rec', 4),
(73, 25, '025-14-02-2019-cc', 1),
(74, 25, '025-14-02-2019-des', 5),
(75, 25, '025-14-02-2019-rec', 4),
(76, 26, '026-15-02-2019-cc', 1),
(77, 26, '026-15-02-2019-des', 5),
(78, 26, '026-15-02-2019-rec', 4),
(79, 27, '027-18-02-2019-cc', 1),
(80, 27, '027-18-02-2019-des', 5),
(81, 27, '027-18-02-2019-rec', 4),
(82, 28, '028-19-02-2019-cc', 1),
(83, 28, '028-19-02-2019-des', 5),
(84, 28, '028-19-02-2019-rec', 4),
(85, 29, '029-20-02-2019-cc', 1),
(86, 29, '029-20-02-2019-des', 5),
(87, 29, '029-20-02-2019-rec', 4),
(88, 30, '030-21-02-2019-cc', 1),
(89, 30, '030-21-02-2019-des', 5),
(90, 30, '030-21-02-2019-rec', 4),
(91, 31, '031-22-02-2019-cc', 1),
(92, 31, '031-22-02-2019-des', 5),
(93, 31, '031-22-02-2019-rec', 4),
(94, 32, '032-25-02-2019-cc', 1),
(95, 32, '032-25-02-2019-des', 5),
(96, 32, '032-25-02-2019-rec', 4),
(97, 33, '033-26-02-2019-cc', 1),
(98, 33, '033-26-02-2019-des', 5),
(99, 33, '033-26-02-2019-rec', 4),
(100, 34, '034-27-02-2019-cc', 1),
(101, 34, '034-27-02-2019-des', 5),
(102, 34, '034-27-02-2019-rec', 4),
(103, 35, '035-28-02-2019-cc', 1),
(104, 35, '035-28-02-2019-des', 5),
(105, 35, '035-28-02-2019-rec', 4),
(106, 36, '036-07-03-2019-cc', 1),
(107, 36, '036-07-03-2019-des', 5),
(108, 36, '036-07-03-2019-rec', 4),
(109, 37, '037-08-03-2019-cc', 1),
(110, 37, '037-08-03-2019-des', 5),
(111, 37, '037-08-03-2019-rec', 4),
(112, 38, '038-11-03-2019-cc', 1),
(113, 38, '038-11-03-2019-des', 5),
(114, 38, '038-11-03-2019-rec', 4),
(115, 39, '039-12-03-2019-cc', 1),
(116, 39, '039-12-03-2019-des', 5),
(117, 39, '039-12-03-2019-rec', 4),
(118, 40, '040-13-03-2019-cc', 1),
(119, 40, '040-13-03-2019-des', 5),
(120, 40, '040-13-03-2019-rec', 4),
(121, 41, '041-14-03-2019-cc', 1),
(122, 41, '041-14-03-2019-des', 5),
(123, 41, '041-14-03-2019-rec', 4),
(124, 42, '042-15-03-2019-cc', 1),
(125, 42, '042-15-03-2019-des', 5),
(126, 42, '042-15-03-2019-rec', 4),
(127, 43, '043-18-03-2019-cc', 1),
(128, 43, '043-18-03-2019-des', 5),
(129, 43, '043-18-03-2019-rec', 4),
(130, 44, '044-19-03-2019-cc', 1),
(131, 44, '044-19-03-2019-des', 5),
(132, 44, '044-19-03-2019-rec', 4),
(133, 45, '045-20-03-2019-cc', 1),
(134, 45, '045-20-03-2019-des', 5),
(135, 45, '045-20-03-2019-rec', 4),
(136, 46, '046-21-03-2019-cc', 1),
(137, 46, '046-21-03-2019-des', 5),
(138, 46, '046-21-03-2019-rec', 4),
(139, 47, '047-22-03-2019-cc', 1),
(140, 47, '047-22-03-2019-des', 5),
(141, 47, '047-22-03-2019-rec', 4),
(142, 48, '048-25-03-2019-cc', 1),
(143, 48, '048-25-03-2019-des', 5),
(144, 48, '048-25-03-2019-rec', 4),
(145, 49, '049-26-03-2019-cc', 1),
(146, 49, '049-26-03-2019-des', 5),
(147, 49, '049-26-03-2019-rec', 4),
(148, 50, '050-27-03-2019-cc', 1),
(149, 50, '050-27-03-2019-des', 5),
(150, 50, '050-27-03-2019-rec', 4),
(151, 51, '051-29-03-2019-cc', 1),
(152, 51, '051-29-03-2019-des', 5),
(153, 51, '051-29-03-2019-rec', 4),
(154, 52, '052-02-04-2019-cc', 1),
(155, 52, '052-02-04-2019-des', 5),
(156, 52, '052-02-04-2019-rec', 4),
(157, 53, '053-03-04-2019-cc', 1),
(158, 53, '053-03-04-2019-des', 5),
(159, 53, '053-03-04-2019-rec', 4),
(160, 54, '054-04-04-2019-cc', 1),
(161, 54, '054-04-04-2019-des', 5),
(162, 54, '054-04-04-2019-rec', 4),
(163, 55, '055-05-04-2019-cc', 1),
(164, 55, '055-05-04-2019-des', 5),
(165, 55, '055-05-04-2019-rec', 4),
(166, 56, '056-10-04-2019-cc', 1),
(167, 56, '056-10-04-2019-des', 5),
(168, 56, '056-10-04-2019-rec', 4),
(169, 57, '057-11-04-2019-cc', 1),
(170, 57, '057-11-04-2019-des', 5),
(171, 57, '057-11-04-2019-rec', 4),
(172, 58, '058-12-04-2019-cc', 1),
(173, 58, '058-12-04-2019-des', 5),
(174, 58, '058-12-04-2019-rec', 4),
(175, 59, '059-15-04-2019-cc', 1),
(176, 59, '059-15-04-2019-des', 5),
(177, 59, '059-15-04-2019-rec', 4),
(178, 60, '060-16-04-2019-cc', 1),
(179, 60, '060-16-04-2019-des', 5),
(180, 60, '060-16-04-2019-rec', 4),
(181, 61, '061-17-04-2019-cc', 1),
(182, 61, '061-17-04-2019-des', 5),
(183, 61, '061-17-04-2019-rec', 4),
(184, 62, '062-23-04-2019-cc', 1),
(185, 62, '062-23-04-2019-des', 5),
(186, 62, '062-23-04-2019-rec', 4),
(187, 63, '063-25-04-2019-cc', 1),
(188, 63, '063-25-04-2019-des', 5),
(189, 63, '063-25-04-2019-rec', 4),
(190, 64, '064-26-04-2019-cc', 1),
(191, 64, '064-26-04-2019-des', 5),
(192, 64, '064-26-04-2019-rec', 4),
(193, 65, '065-29-04-2019-cc', 1),
(194, 65, '065-29-04-2019-des', 5),
(195, 65, '065-29-04-2019-rec', 4),
(196, 66, '066-30-04-2019-cc', 1),
(197, 66, '066-30-04-2019-des', 5),
(198, 66, '066-30-04-2019-rec', 4),
(199, 67, '067-02-05-2019-cc', 1),
(200, 67, '067-02-05-2019-des', 5),
(201, 67, '067-02-05-2019-rec', 4),
(202, 68, '068-03-05-2019-cc', 1),
(203, 68, '068-03-05-2019-des', 5),
(204, 68, '068-03-05-2019-rec', 4),
(205, 69, '069-06-05-2019-cc', 1),
(206, 69, '069-06-05-2019-des', 5),
(207, 69, '069-06-05-2019-rec', 4),
(208, 70, '070-08-05-2019-cc', 1),
(209, 70, '070-08-05-2019-des', 5),
(210, 70, '070-08-05-2019-rec', 4),
(211, 71, '071-09-05-2019-cc', 1),
(212, 71, '071-09-05-2019-des', 5),
(213, 71, '071-09-05-2019-rec', 4),
(214, 72, '072-10-05-2019-cc', 1),
(215, 72, '072-10-05-2019-des', 5),
(216, 72, '072-10-05-2019-rec', 4),
(217, 73, '073-13-05-2019-cc', 1),
(218, 73, '073-13-05-2019-des', 5),
(219, 73, '073-13-05-2019-rec', 4),
(220, 74, '074-14-05-2019-cc', 1),
(221, 74, '074-14-05-2019-des', 5),
(222, 74, '074-14-05-2019-rec', 4),
(223, 75, '075-15-05-2019-cc', 1),
(224, 75, '075-15-05-2019-des', 5),
(225, 75, '075-15-05-2019-rec', 4),
(226, 76, '076-16-05-2019-cc', 1),
(227, 76, '076-16-05-2019-des', 5),
(228, 76, '076-16-05-2019-rec', 4),
(229, 77, '077-17-05-2019-cc', 1),
(230, 77, '077-17-05-2019-des', 5),
(231, 77, '077-17-05-2019-rec', 4),
(232, 78, '078-20-05-2019-cc', 1),
(233, 78, '078-20-05-2019-des', 5),
(234, 78, '078-20-05-2019-rec', 4),
(235, 79, '079-21-05-2019-cc', 1),
(236, 79, '079-21-05-2019-des', 5),
(237, 79, '079-21-05-2019-rec', 4),
(238, 80, '080-22-05-2019-cc', 1),
(239, 80, '080-22-05-2019-des', 5),
(240, 80, '080-22-05-2019-rec', 4),
(241, 81, '081-23-05-2019-cc', 1),
(242, 81, '081-23-05-2019-des', 5),
(243, 81, '081-23-05-2019-rec', 4),
(244, 82, '082-24-05-2019-cc', 1),
(245, 82, '082-24-05-2019-des', 5),
(246, 82, '082-24-05-2019-rec', 4),
(247, 83, '083-27-05-2019-cc', 1),
(248, 83, '083-27-05-2019-des', 5),
(249, 83, '083-27-05-2019-rec', 4),
(250, 84, '084-28-05-2019-cc', 1),
(251, 84, '084-28-05-2019-des', 5),
(252, 84, '084-28-05-2019-rec', 4),
(253, 85, '085-29-05-2019-cc', 1),
(254, 85, '085-29-05-2019-des', 5),
(255, 85, '085-29-05-2019-rec', 4),
(256, 86, '086-30-05-2019-cc', 1),
(257, 86, '086-30-05-2019-des', 5),
(258, 86, '086-30-05-2019-rec', 4),
(259, 87, '087-31-05-2019-cc', 1),
(260, 87, '087-31-05-2019-des', 5),
(261, 87, '087-31-05-2019-rec', 4),
(262, 88, '088-04-06-2019-cc', 1),
(263, 88, '088-04-06-2019-des', 5),
(264, 88, '088-04-06-2019-rec', 4),
(265, 89, '089-05-06-2019-cc', 1),
(266, 89, '089-05-06-2019-des', 5),
(267, 89, '089-05-06-2019-rec', 4),
(268, 90, '090-06-06-2019-cc', 1),
(269, 90, '090-06-06-2019-des', 5),
(270, 90, '090-06-06-2019-rec', 4),
(271, 91, '091-07-06-2019-cc', 1),
(272, 91, '091-07-06-2019-des', 5),
(273, 91, '091-07-06-2019-rec', 4),
(274, 92, '092-10-06-2019-cc', 1),
(275, 92, '092-10-06-2019-des', 5),
(276, 92, '092-10-06-2019-rec', 4),
(277, 93, '093-11-06-2019-cc', 1),
(278, 93, '093-11-06-2019-des', 5),
(279, 93, '093-11-06-2019-rec', 4),
(280, 94, '094-12-06-2019-cc', 1),
(281, 94, '094-12-06-2019-des', 5),
(282, 94, '094-12-06-2019-rec', 4),
(283, 95, '095-13-06-2019-cc', 1),
(284, 95, '095-13-06-2019-des', 5),
(285, 95, '095-13-06-2019-rec', 4),
(286, 96, '096-14-06-2019-cc', 1),
(287, 96, '096-14-06-2019-des', 5),
(288, 96, '096-14-06-2019-rec', 4),
(289, 97, '097-17-06-2019-cc', 1),
(290, 97, '097-17-06-2019-des', 5),
(291, 97, '097-17-06-2019-rec', 4),
(292, 98, '098-18-06-2019-cc', 1),
(293, 98, '098-18-06-2019-des', 5),
(294, 98, '098-18-06-2019-rec', 4),
(295, 99, '099-21-06-2019-cc', 1),
(296, 99, '099-21-06-2019-des', 5),
(297, 99, '099-21-06-2019-rec', 4),
(298, 100, '100-24-06-2019-cc', 1),
(299, 100, '100-24-06-2019-des', 5),
(300, 100, '100-24-06-2019-rec', 4),
(301, 101, '101-25-06-2019-cc', 1),
(302, 101, '101-25-06-2019-des', 5),
(303, 101, '101-25-06-2019-rec', 4),
(304, 102, '102-26-06-2019-cc', 1),
(305, 102, '102-26-06-2019-des', 5),
(306, 102, '102-26-06-2019-rec', 4),
(307, 103, '103-28-06-2019-cc', 1),
(308, 103, '103-28-06-2019-des', 5),
(309, 103, '103-28-06-2019-rec', 4),
(314, 105, '105-03-07-2019-cc', 1),
(315, 105, '105-03-07-2019-des', 5),
(316, 105, '105-03-07-2019-rec', 4),
(317, 104, '104-02-07-2019-cc', 1),
(318, 104, '104-02-07-2019-des', 5),
(319, 104, '104-02-07-2019-nf', 6),
(320, 104, '104-02-07-2019-rec', 4),
(321, 106, '106-04-07-2019-cc', 1),
(322, 106, '106-04-07-2019-des', 5),
(323, 106, '106-04-07-2019-rec', 4),
(336, 107, '107-05-07-2019-cc', 1),
(337, 107, '107-05-07-2019-des', 5),
(338, 107, '107-05-07-2019-nf1', 5),
(339, 107, '107-05-07-2019-nf2', 5),
(340, 107, '107-05-07-2019-nf3', 5),
(341, 107, '107-05-07-2019-rec', 4),
(360, 109, '109-09-07-2019-cc', 1),
(361, 109, '109-09-07-2019-des', 5),
(362, 109, '109-09-07-2019-rec', 4),
(363, 110, '110-10-07-2019-cc', 1),
(364, 110, '110-10-07-2019-des', 5),
(365, 110, '110-10-07-2019-nf', 6),
(366, 110, '110-10-07-2019-rec', 4),
(367, 108, '108-08-07-2019-cc', 1),
(368, 108, '108-08-07-2019-des', 5),
(369, 108, '108-08-07-2019-nf', 6),
(370, 108, '108-08-07-2019-rec', 4),
(375, 111, '111-11-07-2019-cc', 1),
(376, 111, '111-11-07-2019-des', 5),
(377, 111, '111-11-07-2019-rec', 4),
(378, 112, '112-12-07-2019-cc', 1),
(379, 112, '112-12-07-2019-des', 5),
(380, 112, '112-12-07-2019-rec', 4),
(381, 113, '113-15-07-2019-cc', 1),
(382, 113, '113-15-07-2019-des', 5),
(383, 113, '113-15-07-2019-rec', 4),
(384, 114, '114-16-07-2019-cc', 1),
(385, 114, '114-16-07-2019-des', 5),
(386, 114, '114-16-07-2019-rec', 4),
(393, 115, '115-17-07-2019-cc', 1),
(394, 115, '115-17-07-2019-des', 5),
(395, 115, '115-17-07-2019-rec', 4),
(406, 116, '116-18-07-2019-cc', 1),
(407, 116, '116-18-07-2019-des', 5),
(408, 116, '116-18-07-2019-nf1', 5),
(409, 116, '116-18-07-2019-nf2', 5),
(410, 116, '116-18-07-2019-nf3', 5),
(411, 116, '116-18-07-2019-nf4', 5),
(412, 116, '116-18-07-2019-nf5', 5),
(413, 116, '116-18-07-2019-rec', 4),
(414, 117, '117-19-07-2019-cc', 1),
(415, 117, '117-19-07-2019-des', 5),
(416, 117, '117-19-07-2019-nf1', 0),
(417, 117, '117-19-07-2019-rec', 4),
(421, 119, '119-23-07-2019-cc', 1),
(422, 119, '119-23-07-2019-des', 5),
(423, 119, '119-23-07-2019-rec', 4),
(433, 122, '122-26-07-2019-cc', 1),
(434, 122, '122-26-07-2019-des', 5),
(435, 122, '122-26-07-2019-rec', 4),
(445, 123, '123-29-07-2019-rec', 4),
(446, 123, '123-29-07-2019-out', 9),
(447, 123, '123-29-07-2019-des', 5),
(448, 123, '123-29-07-2019-cc', 1),
(449, 124, '124-30-07-2019-rec', 4),
(450, 124, '124-30-07-2019-des', 5),
(451, 124, '124-30-07-2019-cc', 1),
(455, 120, '120-24-07-2019-rec', 4),
(456, 120, '120-24-07-2019-des', 5),
(457, 120, '120-24-07-2019-cc', 1),
(458, 125, '125-31-07-2019-rec', 4),
(459, 125, '125-31-07-2019-des', 5),
(460, 125, '125-31-07-2019-cc', 1),
(461, 125, '125-31-07-2019-base', 2),
(462, 121, '121-25-07-2019-rec', 4),
(463, 121, '121-25-07-2019-des', 5),
(464, 121, '121-25-07-2019-cc', 1),
(465, 126, '126-02-08-2019-rec', 4),
(466, 126, '126-02-08-2019-out', 9),
(467, 126, '126-02-08-2019-des', 5),
(468, 126, '126-02-08-2019-cc', 1),
(469, 127, '127-05-08-2019-rec', 4),
(470, 127, '127-05-08-2019-des', 5),
(471, 127, '127-05-08-2019-cc', 1),
(472, 128, '128-06-08-2019-rec', 4),
(473, 128, '128-06-08-2019-des', 5),
(474, 128, '128-06-08-2019-cc', 1),
(475, 129, '129-07-08-2019-rec', 4),
(476, 129, '129-07-08-2019-des', 5),
(477, 129, '129-07-08-2019-cc', 1),
(488, 130, '130-08-08-2019-rec', 4),
(489, 130, '130-08-08-2019-Outros 2', 4),
(490, 130, '130-08-08-2019-Outros 1', 4),
(491, 130, '130-08-08-2019-des', 5),
(492, 130, '130-08-08-2019-cc', 1),
(493, 131, '131-09-08-2019-rec', 4),
(494, 131, '131-09-08-2019-des', 5),
(495, 131, '131-09-08-2019-cc', 1),
(506, 132, '132-12-08-2019-rec', 4),
(507, 132, '132-12-08-2019-des', 5),
(508, 132, '132-12-08-2019-cc', 1),
(509, 132, '132-12-08-2019- Outros 2', 1),
(510, 132, '132-12-08-2019- Outros 1', 1),
(511, 133, '133-13-08-2019-rec', 4),
(512, 133, '133-13-08-2019-out', 9),
(513, 133, '133-13-08-2019-des', 5),
(514, 133, '133-13-08-2019-cc', 1),
(515, 134, '134-14-08-2019-rec', 4),
(516, 134, '134-14-08-2019-des', 5),
(517, 134, '134-14-08-2019-cc', 1),
(518, 134, '134-14-08-2019- Outros 2', 0),
(519, 134, '134-14-08-2019- Outros 1', 0),
(525, 135, '135-15-08-2019-rec', 4),
(526, 135, '135-15-08-2019-des', 5),
(527, 135, '135-15-08-2019-cc', 1),
(528, 135, '135-15-08-2019- Outros 2', 1),
(529, 135, '135-15-08-2019- Outros 1', 1),
(530, 136, '136-16-08-2019-cc', 1),
(531, 136, '136-16-08-2019-des', 5),
(532, 136, '136-16-08-2019-nf', 6),
(533, 136, '136-16-08-2019-outros', 0),
(534, 136, '136-16-08-2019-rec', 4),
(539, 137, '137-19-08-2019-rec', 4),
(540, 137, '137-19-08-2019-out', 9),
(541, 137, '137-19-08-2019-des', 5),
(542, 137, '137-19-08-2019-cc', 1),
(543, 138, '138-20-08-2019-rec', 4),
(544, 138, '138-20-08-2019-des', 5),
(545, 138, '138-20-08-2019-cc', 1),
(546, 139, '139-21-08-2019-rec', 4),
(547, 139, '139-21-08-2019-des', 5),
(548, 139, '139-21-08-2019-cc', 1),
(549, 140, '140-22-08-2019-rec', 4),
(550, 140, '140-22-08-2019-out', 9),
(551, 140, '140-22-08-2019-des', 5),
(552, 140, '140-22-08-2019-cc', 1),
(556, 141, '141-23-08-2019-rec', 4),
(557, 141, '141-23-08-2019-des', 5),
(558, 141, '141-23-08-2019-cc', 1),
(570, 143, '143-27-08-2019-rec', 4),
(571, 143, '143-27-08-2019-nf', 6),
(572, 143, '143-27-08-2019-des', 5),
(573, 143, '143-27-08-2019-cc', 1),
(574, 143, '143-27-08-2019- Outros 2', 1),
(575, 143, '143-27-08-2019- Outros 1', 1),
(580, 144, '144-28-08-2019-rec', 4),
(581, 144, '144-28-08-2019-des', 5),
(582, 144, '144-28-08-2019-cc', 1),
(583, 144, '144-28-08-2019- Outros 1', 1),
(584, 142, '142-26-08-2019-rec', 4),
(585, 142, '142-26-08-2019-out', 9),
(586, 142, '142-26-08-2019-nf', 6),
(587, 142, '142-26-08-2019-des', 5),
(588, 142, '142-26-08-2019-cc', 1),
(589, 118, '118-22-07-2019-rec', 4),
(590, 118, '118-22-07-2019-out', 9),
(591, 118, '118-22-07-2019-des', 5),
(592, 118, '118-22-07-2019-cc', 1),
(593, 145, '145-29-08-2019-rec', 4),
(594, 145, '145-29-08-2019-des', 5),
(595, 145, '145-29-08-2019-cc', 1),
(602, 146, '146-30-08-2019-rec', 4),
(603, 146, '146-30-08-2019-out', 9),
(604, 146, '146-30-08-2019-nf', 6),
(605, 146, '146-30-08-2019-des', 5),
(606, 146, '146-30-08-2019-cc', 1),
(607, 146, '146-30-08-2019-cau', 1),
(608, 147, '147-02-09-2019-rec', 4),
(609, 147, '147-02-09-2019-des', 5),
(610, 147, '147-02-09-2019-cc', 1),
(611, 148, '148-03-09-2019-rec', 4),
(612, 148, '148-03-09-2019-nf', 6),
(613, 148, '148-03-09-2019-des', 5),
(614, 148, '148-03-09-2019-cc', 1),
(615, 149, '149-04-09-2019-rec', 4),
(616, 149, '149-04-09-2019-Outros', 0),
(617, 149, '149-04-09-2019-nf', 6),
(618, 149, '149-04-09-2019-des', 5),
(619, 149, '149-04-09-2019-cc', 1),
(620, 150, '150-05-09-2019-rec', 4),
(621, 150, '150-05-09-2019-out', 9),
(622, 150, '150-05-09-2019-des', 5),
(623, 150, '150-05-09-2019-cc', 1),
(624, 151, '151-06-09-2019-rec', 4),
(625, 151, '151-06-09-2019-des', 5),
(626, 151, '151-06-09-2019-cc', 1),
(631, 153, '153-10-09-2019-rec', 4),
(632, 153, '153-10-09-2019-out', 9),
(633, 153, '153-10-09-2019-des', 5),
(634, 153, '153-10-09-2019-cc', 1),
(635, 152, '152-09-09-2019-rec', 4),
(636, 152, '152-09-09-2019-out', 9),
(637, 152, '152-09-09-2019-des', 5),
(638, 152, '152-09-09-2019-cc', 1),
(639, 154, '154-11-09-2019-rec', 4),
(640, 154, '154-11-09-2019-des', 5),
(641, 154, '154-11-09-2019-cc', 1),
(656, 155, '155-12-09-2019-rec', 4),
(657, 155, '155-12-09-2019-out', 9),
(658, 155, '155-12-09-2019-des', 5),
(659, 155, '155-12-09-2019-cc', 1),
(660, 156, '156-13-09-2019-rec', 4),
(661, 156, '156-13-09-2019-out', 9),
(662, 156, '156-13-09-2019-nf2', 6),
(663, 156, '156-13-09-2019-nf1', 6),
(664, 156, '156-13-09-2019-des', 5),
(665, 156, '156-13-09-2019-cc', 1),
(666, 157, '157-16-09-2019-rec', 4),
(667, 157, '157-16-09-2019-des', 5),
(668, 157, '157-16-09-2019-cc', 1),
(674, 159, '159-18-09-2019-rec', 4),
(675, 159, '159-18-09-2019-des', 5),
(676, 159, '159-18-09-2019-cc', 1),
(677, 158, '158-17-09-2019-rec', 4),
(678, 158, '158-17-09-2019-OUT', 4),
(679, 158, '158-17-09-2019-nf', 6),
(680, 158, '158-17-09-2019-des', 5),
(681, 158, '158-17-09-2019-cc', 1),
(682, 160, '160-19-09-2019-rec', 4),
(683, 160, '160-19-09-2019-des', 5),
(684, 160, '160-19-09-2019-cc', 1),
(688, 162, '162-23-09-2019-rec', 4),
(689, 162, '162-23-09-2019-out', 9),
(690, 162, '162-23-09-2019-nf2', 6),
(691, 162, '162-23-09-2019-nf', 6),
(692, 162, '162-23-09-2019-des', 5),
(693, 162, '162-23-09-2019-cc', 1),
(694, 163, '163-24-09-2019-rec', 4),
(695, 163, '163-24-09-2019-nf', 6),
(696, 163, '163-24-09-2019-des', 5),
(697, 163, '163-24-09-2019-cc', 1),
(698, 164, '164-25-09-2019-rec', 4),
(699, 164, '164-25-09-2019-nf', 6),
(700, 164, '164-25-09-2019-des', 5),
(701, 164, '164-25-09-2019-cc', 1),
(702, 165, '165-26-09-2019-rec', 4),
(703, 165, '165-26-09-2019-des', 5),
(704, 165, '165-26-09-2019-cc', 1),
(705, 166, '166-27-09-2019-rec', 4),
(706, 166, '166-27-09-2019-des', 5),
(707, 166, '166-27-09-2019-cc', 1),
(714, 167, '167-30-09-2019-rec', 4),
(715, 167, '167-30-09-2019-out', 9),
(716, 167, '167-30-09-2019-nf', 6),
(717, 167, '167-30-09-2019-des', 5),
(718, 167, '167-30-09-2019-cc', 1),
(719, 167, '167-30-09-2019- OUTROS 2', 1),
(728, 169, '169-02-10-2019-rec', 4),
(729, 169, '169-02-10-2019-des', 5),
(730, 169, '169-02-10-2019-cc', 1),
(731, 170, '170-03-10-2019-rec', 4),
(732, 170, '170-03-10-2019-out', 9),
(733, 170, '170-03-10-2019-des', 5),
(734, 170, '170-03-10-2019-cc', 1),
(735, 171, '171-04-10-2019-rec', 4),
(736, 171, '171-04-10-2019-des', 5),
(737, 171, '171-04-10-2019-cc', 1),
(747, 172, '172-07-10-2019-rec', 4),
(748, 172, '172-07-10-2019-des', 5),
(749, 172, '172-07-10-2019-cc', 1),
(750, 173, '173-08-10-2019-rec', 4),
(751, 173, '173-08-10-2019-des', 5),
(752, 173, '173-08-10-2019-cc', 1),
(756, 174, '174-09-10-2019-rec', 4),
(757, 174, '174-09-10-2019-des', 5),
(758, 174, '174-09-10-2019-cc', 1),
(759, 175, '175-10-10-2019-rec', 4),
(760, 175, '175-10-10-2019-des', 5),
(761, 175, '175-10-10-2019-cc', 1),
(774, 177, '177-16-10-2019-rec', 4),
(775, 177, '177-16-10-2019-des', 5),
(776, 177, '177-16-10-2019-cc', 1),
(777, 178, '178-17-10-2019-rec', 4),
(778, 178, '178-17-10-2019-nf', 6),
(779, 178, '178-17-10-2019-des', 5),
(780, 178, '178-17-10-2019-cc', 1),
(789, 180, '180-21-10-2019-rec', 4),
(790, 180, '180-21-10-2019-out', 9),
(791, 180, '180-21-10-2019-des', 5),
(792, 180, '180-21-10-2019-cc', 1),
(797, 181, '181-22-10-2019-rec', 4),
(798, 181, '181-22-10-2019-out', 9),
(799, 181, '181-22-10-2019-des', 5),
(800, 181, '181-22-10-2019-cc', 1),
(813, 182, '182-23-10-2019-rec', 4),
(814, 182, '182-23-10-2019-des', 5),
(815, 182, '182-23-10-2019-cc', 1),
(816, 168, '168-01-10-2019-rec', 4),
(817, 168, '168-01-10-2019-OUT', 4),
(818, 168, '168-01-10-2019-des', 5),
(819, 168, '168-01-10-2019-cc', 1),
(820, 168, '168-01-10-2019- OUTROS 2', 1),
(821, 179, '179-18-10-2019-rec', 4),
(822, 179, '179-18-10-2019-out', 9),
(823, 179, '179-18-10-2019-nf', 6),
(824, 179, '179-18-10-2019-des', 5),
(825, 179, '179-18-10-2019-cc', 1),
(826, 183, '183-24-10-2019-rec', 4),
(827, 183, '183-24-10-2019-des', 5),
(828, 183, '183-24-10-2019-cc', 1),
(829, 176, '176-15-10-2019-rec', 4),
(830, 176, '176-15-10-2019-des', 5),
(831, 176, '176-15-10-2019-cc', 1),
(832, 184, '184-25-10-2019-rec', 4),
(833, 184, '184-25-10-2019-nf', 6),
(834, 184, '184-25-10-2019-des', 5),
(835, 184, '184-25-10-2019-cc', 1),
(836, 185, '185-28-10-2019-rec', 4),
(837, 185, '185-28-10-2019-des', 5),
(838, 185, '185-28-10-2019-cc', 1),
(839, 186, '186-29-10-2019-rec', 4),
(840, 186, '186-29-10-2019-des', 5),
(841, 186, '186-29-10-2019-cc', 1),
(846, 161, '161-20-09-2019-rec', 4),
(847, 161, '161-20-09-2019-out', 9),
(848, 161, '161-20-09-2019-des', 5),
(849, 161, '161-20-09-2019-cc', 1),
(854, 187, '187-30-10-2019-rec', 4),
(855, 187, '187-30-10-2019-OUTROS', 4),
(856, 187, '187-30-10-2019-nf', 6),
(857, 187, '187-30-10-2019-des', 5),
(858, 187, '187-30-10-2019-cc', 1),
(866, 188, '188-31-10-2019-rec', 4),
(867, 188, '188-31-10-2019-des', 5),
(868, 188, '188-31-10-2019-DEPATI', 5),
(869, 188, '188-31-10-2019-cc', 1),
(870, 188, '188-31-10-2019-BASE', 1),
(874, 190, '190-04-11-2019-rec', 4),
(875, 190, '190-04-11-2019-des', 5),
(876, 190, '190-04-11-2019-cc', 1),
(877, 191, '191-05-11-2019-rec', 4),
(878, 191, '191-05-11-2019-nf', 6),
(879, 191, '191-05-11-2019-des', 5),
(880, 191, '191-05-11-2019-cc', 1),
(881, 192, '192-06-11-2019-rec', 4),
(882, 192, '192-06-11-2019-des', 5),
(883, 192, '192-06-11-2019-cc', 1),
(884, 193, '193-07-11-2019-rec', 4),
(885, 193, '193-07-11-2019-out', 9),
(886, 193, '193-07-11-2019-nf1', 6),
(887, 193, '193-07-11-2019-nf', 6),
(888, 193, '193-07-11-2019-des', 5),
(889, 193, '193-07-11-2019-cc', 1),
(890, 194, '194-08-11-2019-rec', 4),
(891, 194, '194-08-11-2019-des', 5),
(892, 194, '194-08-11-2019-cc', 1),
(893, 195, '195-11-11-2019-rec', 4),
(894, 195, '195-11-11-2019-des', 5),
(895, 195, '195-11-11-2019-cc', 1),
(896, 196, '196-12-11-2019-rec', 4),
(897, 196, '196-12-11-2019-nf2', 6),
(898, 196, '196-12-11-2019-nf', 6),
(899, 196, '196-12-11-2019-des', 5),
(900, 196, '196-12-11-2019-cc', 1),
(901, 197, '197-13-11-2019-rec', 4),
(902, 197, '197-13-11-2019-nf', 6),
(903, 197, '197-13-11-2019-des', 5),
(904, 197, '197-13-11-2019-cc', 1),
(905, 198, '198-14-11-2019-cc', 1),
(906, 198, '198-14-11-2019-des', 5),
(907, 198, '198-14-11-2019-out', 9),
(908, 198, '198-14-11-2019-rec', 4),
(913, 200, '200-20-11-2019-rec', 4),
(914, 200, '200-20-11-2019-des', 5),
(915, 200, '200-20-11-2019-cc', 1),
(916, 199, '199-18-11-2019-rec', 4),
(917, 199, '199-18-11-2019-nf2', 6),
(918, 199, '199-18-11-2019-nf', 6),
(919, 199, '199-18-11-2019-des', 5),
(920, 199, '199-18-11-2019-cc', 1),
(921, 201, '201-21-11-2019-rec', 4),
(922, 201, '201-21-11-2019-des', 5),
(923, 201, '201-21-11-2019-cc', 1),
(924, 189, '189-01-11-2019-rec', 4),
(925, 189, '189-01-11-2019-out', 9),
(926, 189, '189-01-11-2019-des', 5),
(927, 189, '189-01-11-2019-cc', 1),
(934, 202, '202-22-11-2019-cc', 1),
(935, 202, '202-22-11-2019-des', 5),
(936, 202, '202-22-11-2019-rec', 4),
(937, 203, '203-25-11-2019-cc', 1),
(938, 203, '203-25-11-2019-des', 5),
(939, 203, '203-25-11-2019-rec', 4),
(940, 204, '204-26-11-2019-rec', 4),
(941, 204, '204-26-11-2019-out', 9),
(942, 204, '204-26-11-2019-des', 5),
(943, 204, '204-26-11-2019-cc', 1),
(944, 205, '205-27-11-2019-rec', 4),
(945, 205, '205-27-11-2019-des', 5),
(946, 205, '205-27-11-2019-cc', 1),
(947, 206, '206-28-11-2019-rec', 4),
(948, 206, '206-28-11-2019-des', 5),
(949, 206, '206-28-11-2019-cc', 1),
(959, 207, '207-29-11-2019-rec', 4),
(960, 207, '207-29-11-2019-OUTROS', 4),
(961, 207, '207-29-11-2019-out', 9),
(962, 207, '207-29-11-2019-nf3', 6),
(963, 207, '207-29-11-2019-nf2', 6),
(964, 207, '207-29-11-2019-nf', 6),
(965, 207, '207-29-11-2019-des', 5),
(966, 207, '207-29-11-2019-cc', 1),
(967, 207, '207-29-11-2019-base', 2);

-- --------------------------------------------------------

--
-- Estrutura da tabela `arquivos_hupe`
--

CREATE TABLE `arquivos_hupe` (
  `id_arq_hupe` int(11) NOT NULL,
  `id_bol_hupe` int(11) NOT NULL,
  `arquivo` varchar(150) NOT NULL,
  `tipo` int(1) NOT NULL
) ENGINE=InnoDB DEFAULT CHARSET=latin1;

--
-- Extraindo dados da tabela `arquivos_hupe`
--

INSERT INTO `arquivos_hupe` (`id_arq_hupe`, `id_bol_hupe`, `arquivo`, `tipo`) VALUES
(1, 1, '001-08-01-2019-hupe', 1),
(2, 2, '002-14-01-2019-hupe', 1),
(3, 3, '003-21-01-2019-hupe', 1),
(5, 5, '005-11-02-2019-hupe', 1),
(6, 6, '006-18-02-2019-hupe', 1),
(7, 7, '007-22-02-2019-hupe', 1),
(9, 9, '009-11-03-2019-hupe', 1),
(10, 10, '010-18-03-2019-hupe', 1),
(11, 11, '011-25-03-2019-hupe', 1),
(13, 13, '013-10-04-2019-hupe', 1),
(14, 14, '014-15-04-2019-hupe', 1),
(15, 15, '015-23-04-2019-hupe', 1),
(17, 17, '017-06-05-2019-hupe', 1),
(18, 18, '018-13-05-2019-hupe', 1),
(19, 19, '019-20-05-2019-hupe', 1),
(20, 20, '020-27-05-2019-hupe', 1),
(22, 22, '022-10-06-2019-hupe', 1),
(23, 23, '023-17-06-2019-hupe', 1),
(24, 24, '024-24-06-2019-hupe', 1),
(28, 25, '025-30-06-2019-base', 2),
(29, 25, '025-30-06-2019-basedev', 3),
(30, 25, '025-30-06-2019-hupe', 1),
(38, 4, '004-31-01-2019-base', 2),
(39, 4, '004-31-01-2019-basedev', 3),
(40, 4, '004-31-01-2019-hupe', 1),
(41, 8, '008-28-02-2019-base', 2),
(42, 8, '008-28-02-2019-basedev', 3),
(43, 8, '008-28-02-2019-hupe', 1),
(44, 12, '012-31-03-2019-base', 2),
(45, 12, '012-31-03-2019-basedev', 3),
(46, 12, '012-31-03-2019-hupe', 1),
(47, 16, '016-30-04-2019-base', 2),
(48, 16, '016-30-04-2019-hupe', 1),
(49, 21, '021-31-05-2019-base', 2),
(50, 21, '021-31-05-2019-hupe', 1),
(57, 27, '027-15-07-2019-hupe', 1),
(58, 26, '026-09-07-2019-hupe', 1),
(59, 28, '028-22-07-2019-hupe', 1),
(60, 29, '029-29-07-2019-hupe', 1),
(62, 30, '030-31-07-2019-hupe', 1),
(63, 30, '030-31-07-2019-base', 2),
(80, 31, '031-12-08-2019-hupe', 1),
(81, 32, '032-19-08-2019-hupe', 1),
(82, 33, '033-26-08-2019-hupe', 1),
(83, 34, '034-31-08-2019-hupe', 1),
(84, 34, '034-31-08-2019-base', 2),
(85, 35, '035-09-09-2019-hupe', 1),
(88, 36, '036-16-09-2019-hupe', 1),
(90, 37, '037-23-09-2019-hupe', 1),
(91, 38, '038-30-09-2019-hupe', 1),
(92, 38, '038-30-09-2019-basedev', 3),
(93, 38, '038-30-09-2019-base', 2),
(94, 39, '039-07-10-2019-hupe', 1),
(95, 40, '040-15-10-2019-hupe', 1),
(97, 41, '041-22-10-2019-hupe', 1),
(102, 42, '042-31-10-2019-hupe', 1),
(103, 42, '042-31-10-2019-base', 2),
(110, 43, '043-11-11-2019-hupe', 1),
(111, 44, '044-14-11-2019-hupe', 1),
(112, 45, '045-22-11-2019-hupe', 1),
(113, 46, '046-30-11-2019-basedev', 3),
(114, 46, '046-30-11-2019-hupe', 1);

-- --------------------------------------------------------

--
-- Estrutura da tabela `cepuerj`
--

CREATE TABLE `cepuerj` (
  `id_cepuerj` int(11) NOT NULL,
  `ano` varchar(4) NOT NULL,
  `boletim` int(11) NOT NULL,
  `dt_boletim` date NOT NULL
) ENGINE=InnoDB DEFAULT CHARSET=latin1;

-- --------------------------------------------------------

--
-- Estrutura da tabela `convenio`
--

CREATE TABLE `convenio` (
  `id_convenio` int(11) NOT NULL,
  `ano` varchar(4) NOT NULL,
  `boletim` int(11) NOT NULL,
  `dt_boletim` date NOT NULL
) ENGINE=InnoDB DEFAULT CHARSET=latin1;

--
-- Extraindo dados da tabela `convenio`
--

INSERT INTO `convenio` (`id_convenio`, `ano`, `boletim`, `dt_boletim`) VALUES
(1, '2019', 1, '2019-01-09'),
(2, '2019', 2, '2019-01-16'),
(3, '2019', 3, '2019-01-23'),
(4, '2019', 5, '2019-02-13'),
(5, '2019', 4, '2019-01-31'),
(6, '2019', 6, '2019-02-20'),
(7, '2019', 7, '2019-02-26'),
(9, '2019', 9, '2019-03-13'),
(10, '2019', 10, '2019-03-20'),
(11, '2019', 11, '2019-03-27'),
(12, '2019', 12, '2019-03-31'),
(13, '2019', 13, '2019-04-10'),
(14, '2019', 14, '2019-04-16'),
(15, '2019', 15, '2019-04-23'),
(16, '2019', 16, '2019-04-30'),
(17, '2019', 17, '2019-05-08'),
(18, '2019', 18, '2019-05-15'),
(19, '2019', 19, '2019-05-22'),
(20, '2019', 20, '2019-05-31'),
(21, '2019', 21, '2019-06-12'),
(22, '2019', 22, '2019-06-17'),
(23, '2019', 23, '2019-06-26'),
(26, '2019', 24, '2019-06-30'),
(30, '2019', 8, '2019-02-28'),
(31, '2019', 25, '2019-07-10'),
(32, '2019', 26, '2019-07-17'),
(33, '2019', 27, '2019-07-24'),
(37, '2019', 28, '2019-07-31'),
(43, '2019', 29, '2019-08-14'),
(44, '2019', 30, '2019-08-21'),
(45, '2019', 31, '2019-08-28'),
(46, '2019', 32, '2019-08-31'),
(48, '2019', 33, '2019-09-11'),
(49, '2019', 34, '2019-09-18'),
(50, '2019', 35, '2019-09-25'),
(51, '2019', 36, '2019-09-30'),
(52, '2019', 37, '2019-10-09'),
(53, '2019', 38, '2019-10-16'),
(55, '2019', 39, '2019-10-23'),
(56, '2019', 40, '2019-10-31'),
(57, '2019', 41, '2019-11-13'),
(58, '2019', 42, '2019-11-20');

-- --------------------------------------------------------

--
-- Estrutura da tabela `financeiro`
--

CREATE TABLE `financeiro` (
  `id_financeiro` int(11) NOT NULL,
  `ano` varchar(4) NOT NULL,
  `boletim` int(11) NOT NULL,
  `dt_boletim` date NOT NULL
) ENGINE=InnoDB DEFAULT CHARSET=latin1;

--
-- Extraindo dados da tabela `financeiro`
--

INSERT INTO `financeiro` (`id_financeiro`, `ano`, `boletim`, `dt_boletim`) VALUES
(1, '2019', 1, '2019-01-03'),
(2, '2019', 2, '2019-01-07'),
(3, '2019', 3, '2019-01-08'),
(4, '2019', 4, '2019-01-09'),
(5, '2019', 5, '2019-01-10'),
(6, '2019', 6, '2019-01-14'),
(7, '2019', 7, '2019-01-16'),
(8, '2019', 8, '2019-01-18'),
(9, '2019', 9, '2019-01-21'),
(10, '2019', 10, '2019-01-22'),
(11, '2019', 11, '2019-01-23'),
(12, '2019', 12, '2019-01-25'),
(13, '2019', 13, '2019-01-28'),
(14, '2019', 14, '2019-01-29'),
(15, '2019', 15, '2019-01-30'),
(16, '2019', 16, '2019-01-31'),
(17, '2019', 17, '2019-02-04'),
(18, '2019', 18, '2019-02-05'),
(19, '2019', 19, '2019-02-06'),
(20, '2019', 20, '2019-02-07'),
(21, '2019', 21, '2019-02-08'),
(22, '2019', 22, '2019-02-11'),
(23, '2019', 23, '2019-02-12'),
(24, '2019', 24, '2019-02-13'),
(25, '2019', 25, '2019-02-14'),
(26, '2019', 26, '2019-02-15'),
(27, '2019', 27, '2019-02-18'),
(28, '2019', 28, '2019-02-19'),
(29, '2019', 29, '2019-02-20'),
(30, '2019', 30, '2019-02-21'),
(31, '2019', 31, '2019-02-22'),
(32, '2019', 32, '2019-02-25'),
(33, '2019', 33, '2019-02-26'),
(34, '2019', 34, '2019-02-27'),
(35, '2019', 35, '2019-02-28'),
(36, '2019', 36, '2019-03-07'),
(37, '2019', 37, '2019-03-08'),
(38, '2019', 38, '2019-03-11'),
(39, '2019', 39, '2019-03-12'),
(40, '2019', 40, '2019-03-13'),
(41, '2019', 41, '2019-03-14'),
(42, '2019', 42, '2019-03-15'),
(43, '2019', 43, '2019-03-18'),
(44, '2019', 44, '2019-03-19'),
(45, '2019', 45, '2019-03-20'),
(46, '2019', 46, '2019-03-21'),
(47, '2019', 47, '2019-03-22'),
(48, '2019', 48, '2019-03-25'),
(49, '2019', 49, '2019-03-26'),
(50, '2019', 50, '2019-03-27'),
(51, '2019', 51, '2019-03-29'),
(52, '2019', 52, '2019-04-02'),
(53, '2019', 53, '2019-04-03'),
(54, '2019', 54, '2019-04-04'),
(55, '2019', 55, '2019-04-05'),
(56, '2019', 56, '2019-04-10'),
(57, '2019', 57, '2019-04-11'),
(58, '2019', 58, '2019-04-12'),
(59, '2019', 59, '2019-04-15'),
(60, '2019', 60, '2019-04-16'),
(61, '2019', 61, '2019-04-17'),
(62, '2019', 62, '2019-04-23'),
(63, '2019', 63, '2019-04-25'),
(64, '2019', 64, '2019-04-26'),
(65, '2019', 65, '2019-04-29'),
(66, '2019', 66, '2019-04-30'),
(67, '2019', 67, '2019-05-02'),
(68, '2019', 68, '2019-05-03'),
(69, '2019', 69, '2019-05-06'),
(70, '2019', 70, '2019-05-08'),
(71, '2019', 71, '2019-05-09'),
(72, '2019', 72, '2019-05-10'),
(73, '2019', 73, '2019-05-13'),
(74, '2019', 74, '2019-05-14'),
(75, '2019', 75, '2019-05-15'),
(76, '2019', 76, '2019-05-16'),
(77, '2019', 77, '2019-05-17'),
(78, '2019', 78, '2019-05-20'),
(79, '2019', 79, '2019-05-21'),
(80, '2019', 80, '2019-05-22'),
(81, '2019', 81, '2019-05-23'),
(82, '2019', 82, '2019-05-24'),
(83, '2019', 83, '2019-05-27'),
(84, '2019', 84, '2019-05-28'),
(85, '2019', 85, '2019-05-29'),
(86, '2019', 86, '2019-05-30'),
(87, '2019', 87, '2019-05-31'),
(88, '2019', 88, '2019-06-04'),
(89, '2019', 89, '2019-06-05'),
(90, '2019', 90, '2019-06-06'),
(91, '2019', 91, '2019-06-07'),
(92, '2019', 92, '2019-06-10'),
(93, '2019', 93, '2019-06-11'),
(94, '2019', 94, '2019-06-12'),
(95, '2019', 95, '2019-06-13'),
(96, '2019', 96, '2019-06-14'),
(97, '2019', 97, '2019-06-17'),
(98, '2019', 98, '2019-06-18'),
(99, '2019', 99, '2019-06-21'),
(100, '2019', 100, '2019-06-24'),
(101, '2019', 101, '2019-06-25'),
(102, '2019', 102, '2019-06-26'),
(103, '2019', 103, '2019-06-28'),
(104, '2019', 104, '2019-07-02'),
(105, '2019', 105, '2019-07-03'),
(106, '2019', 106, '2019-07-04'),
(108, '2019', 107, '2019-07-05'),
(109, '2019', 108, '2019-07-08'),
(120, '2019', 109, '2019-07-09'),
(121, '2019', 110, '2019-07-10'),
(122, '2019', 111, '2019-07-11'),
(123, '2019', 112, '2019-07-12'),
(124, '2019', 113, '2019-07-15'),
(125, '2019', 114, '2019-07-16'),
(127, '2019', 115, '2019-07-17'),
(128, '2019', 116, '2019-07-18'),
(129, '2019', 117, '2019-07-19'),
(130, '2019', 118, '2019-07-22'),
(131, '2019', 119, '2019-07-23'),
(132, '2019', 120, '2019-07-24'),
(133, '2019', 121, '2019-07-25'),
(135, '2019', 122, '2019-07-26'),
(136, '2019', 123, '2019-07-29'),
(137, '2019', 124, '2019-07-30'),
(138, '2019', 125, '2019-07-31'),
(139, '2019', 126, '2019-08-02'),
(140, '2019', 127, '2019-08-05'),
(141, '2019', 128, '2019-08-06'),
(142, '2019', 129, '2019-08-07'),
(143, '2019', 130, '2019-08-08'),
(144, '2019', 131, '2019-08-09'),
(145, '2019', 132, '2019-08-12'),
(146, '2019', 133, '2019-08-13'),
(147, '2019', 134, '2019-08-14'),
(148, '2019', 135, '2019-08-15'),
(149, '2019', 136, '2019-08-16'),
(150, '2019', 137, '2019-08-19'),
(151, '2019', 138, '2019-08-20'),
(152, '2019', 139, '2019-08-21'),
(153, '2019', 140, '2019-08-22'),
(155, '2019', 141, '2019-08-23'),
(156, '2019', 142, '2019-08-26'),
(157, '2019', 143, '2019-08-27'),
(158, '2019', 144, '2019-08-28'),
(159, '2019', 145, '2019-08-29'),
(160, '2019', 146, '2019-08-30'),
(161, '2019', 147, '2019-09-02'),
(162, '2019', 148, '2019-09-03'),
(163, '2019', 149, '2019-09-04'),
(164, '2019', 150, '2019-09-05'),
(165, '2019', 151, '2019-09-06'),
(166, '2019', 152, '2019-09-09'),
(167, '2019', 153, '2019-09-10'),
(168, '2019', 154, '2019-09-11'),
(169, '2019', 155, '2019-09-12'),
(170, '2019', 156, '2019-09-13'),
(171, '2019', 157, '2019-09-16'),
(172, '2019', 158, '2019-09-17'),
(173, '2019', 159, '2019-09-18'),
(174, '2019', 160, '2019-09-19'),
(175, '2019', 161, '2019-09-20'),
(176, '2019', 162, '2019-09-23'),
(177, '2019', 163, '2019-09-24'),
(178, '2019', 164, '2019-09-25'),
(179, '2019', 165, '2019-09-26'),
(180, '2019', 166, '2019-09-27'),
(181, '2019', 167, '2019-09-30'),
(182, '2019', 168, '2019-10-01'),
(183, '2019', 169, '2019-10-02'),
(184, '2019', 170, '2019-10-03'),
(185, '2019', 171, '2019-10-04'),
(186, '2019', 172, '2019-10-07'),
(187, '2019', 173, '2019-10-08'),
(188, '2019', 174, '2019-10-09'),
(189, '2019', 175, '2019-10-10'),
(190, '2019', 176, '2019-10-15'),
(191, '2019', 177, '2019-10-16'),
(192, '2019', 178, '2019-10-17'),
(193, '2019', 179, '2019-10-18'),
(194, '2019', 180, '2019-10-21'),
(195, '2019', 181, '2019-10-22'),
(196, '2019', 182, '2019-10-23'),
(197, '2019', 183, '2019-10-24'),
(198, '2019', 184, '2019-10-25'),
(199, '2019', 185, '2019-10-28'),
(200, '2019', 186, '2019-10-29'),
(201, '2019', 187, '2019-10-30'),
(202, '2019', 188, '2019-10-31'),
(203, '2019', 189, '2019-11-01'),
(204, '2019', 190, '2019-11-04'),
(205, '2019', 191, '2019-11-05'),
(206, '2019', 192, '2019-11-06'),
(207, '2019', 193, '2019-11-07'),
(208, '2019', 194, '2019-11-08'),
(209, '2019', 195, '2019-11-11'),
(210, '2019', 196, '2019-11-12'),
(211, '2019', 197, '2019-11-13'),
(212, '2019', 198, '2019-11-14'),
(213, '2019', 199, '2019-11-18'),
(214, '2019', 200, '2019-11-20'),
(215, '2019', 201, '2019-11-21'),
(216, '2019', 202, '2019-11-22'),
(217, '2019', 203, '2019-11-25'),
(218, '2019', 204, '2019-11-26'),
(219, '2019', 205, '2019-11-27'),
(220, '2019', 206, '2019-11-28'),
(221, '2019', 207, '2019-11-29');

-- --------------------------------------------------------

--
-- Estrutura da tabela `hupe`
--

CREATE TABLE `hupe` (
  `id_hupe` int(11) NOT NULL,
  `ano` varchar(4) NOT NULL,
  `boletim` int(11) NOT NULL,
  `dt_boletim` date NOT NULL
) ENGINE=InnoDB DEFAULT CHARSET=latin1;

--
-- Extraindo dados da tabela `hupe`
--

INSERT INTO `hupe` (`id_hupe`, `ano`, `boletim`, `dt_boletim`) VALUES
(1, '2019', 1, '2019-01-08'),
(2, '2019', 2, '2019-01-14'),
(3, '2019', 3, '2019-01-21'),
(4, '2019', 4, '2019-01-31'),
(5, '2019', 5, '2019-02-11'),
(6, '2019', 6, '2019-02-18'),
(7, '2019', 7, '2019-02-22'),
(8, '2019', 8, '2019-02-28'),
(9, '2019', 9, '2019-03-11'),
(10, '2019', 10, '2019-03-18'),
(11, '2019', 11, '2019-03-25'),
(12, '2019', 12, '2019-03-31'),
(13, '2019', 13, '2019-04-10'),
(14, '2019', 14, '2019-04-15'),
(15, '2019', 15, '2019-04-23'),
(16, '2019', 16, '2019-04-30'),
(17, '2019', 17, '2019-05-06'),
(18, '2019', 18, '2019-05-13'),
(19, '2019', 19, '2019-05-20'),
(20, '2019', 20, '2019-05-27'),
(21, '2019', 21, '2019-05-31'),
(22, '2019', 22, '2019-06-10'),
(23, '2019', 23, '2019-06-17'),
(24, '2019', 24, '2019-06-24'),
(25, '2019', 25, '2019-06-30'),
(27, '2019', 26, '2019-07-09'),
(28, '2019', 27, '2019-07-15'),
(29, '2019', 28, '2019-07-22'),
(30, '2019', 29, '2019-07-29'),
(31, '2019', 30, '2019-07-31'),
(42, '2019', 31, '2019-08-12'),
(43, '2019', 32, '2019-08-19'),
(44, '2019', 33, '2019-08-26'),
(45, '2019', 34, '2019-08-31'),
(46, '2019', 35, '2019-09-09'),
(47, '2019', 36, '2019-09-16'),
(48, '2019', 37, '2019-09-23'),
(49, '2019', 38, '2019-09-30'),
(50, '2019', 39, '2019-10-07'),
(51, '2019', 40, '2019-10-15'),
(52, '2019', 41, '2019-10-22'),
(53, '2019', 42, '2019-10-31'),
(54, '2019', 43, '2019-11-11'),
(55, '2019', 44, '2019-11-14'),
(56, '2019', 45, '2019-11-22'),
(57, '2019', 46, '2019-11-30');

-- --------------------------------------------------------

--
-- Estrutura da tabela `login`
--

CREATE TABLE `login` (
  `id_usuario` int(11) NOT NULL,
  `usuario` varchar(50) NOT NULL,
  `senha` varchar(50) NOT NULL
) ENGINE=InnoDB DEFAULT CHARSET=latin1;

--
-- Extraindo dados da tabela `login`
--

INSERT INTO `login` (`id_usuario`, `usuario`, `senha`) VALUES
(1, 'eduardo', 'dicreu2020'),
(2, 'andre', 'dicreu2019'),
(3, 'joao', 'dicreu2019'),
(5, 'fernanda', 'dicre2019');

--
-- Indexes for dumped tables
--

--
-- Indexes for table `arquivos_cepuerj`
--
ALTER TABLE `arquivos_cepuerj`
  ADD PRIMARY KEY (`id_arq_cepuerj`),
  ADD KEY `id_bol_cepuerj` (`id_bol_cepuerj`);

--
-- Indexes for table `arquivos_convenio`
--
ALTER TABLE `arquivos_convenio`
  ADD PRIMARY KEY (`id_arq_convenio`),
  ADD KEY `id_bol_convenio` (`id_bol_convenio`);

--
-- Indexes for table `arquivos_financeiro`
--
ALTER TABLE `arquivos_financeiro`
  ADD PRIMARY KEY (`id_arq_financeiro`),
  ADD KEY `id_bol_financeiro` (`id_bol_financeiro`);

--
-- Indexes for table `arquivos_hupe`
--
ALTER TABLE `arquivos_hupe`
  ADD PRIMARY KEY (`id_arq_hupe`),
  ADD KEY `id_bol_hupe` (`id_bol_hupe`);

--
-- Indexes for table `cepuerj`
--
ALTER TABLE `cepuerj`
  ADD PRIMARY KEY (`id_cepuerj`),
  ADD UNIQUE KEY `boletim` (`boletim`),
  ADD KEY `boletim_2` (`boletim`);

--
-- Indexes for table `convenio`
--
ALTER TABLE `convenio`
  ADD PRIMARY KEY (`id_convenio`),
  ADD UNIQUE KEY `boletim` (`boletim`),
  ADD KEY `boletim_2` (`boletim`);

--
-- Indexes for table `financeiro`
--
ALTER TABLE `financeiro`
  ADD PRIMARY KEY (`id_financeiro`),
  ADD UNIQUE KEY `boletim` (`boletim`),
  ADD KEY `boletim_2` (`boletim`);

--
-- Indexes for table `hupe`
--
ALTER TABLE `hupe`
  ADD PRIMARY KEY (`id_hupe`),
  ADD UNIQUE KEY `boletim` (`boletim`),
  ADD KEY `boletim_2` (`boletim`);

--
-- Indexes for table `login`
--
ALTER TABLE `login`
  ADD PRIMARY KEY (`id_usuario`),
  ADD UNIQUE KEY `usuario` (`usuario`);

--
-- AUTO_INCREMENT for dumped tables
--

--
-- AUTO_INCREMENT for table `arquivos_cepuerj`
--
ALTER TABLE `arquivos_cepuerj`
  MODIFY `id_arq_cepuerj` int(11) NOT NULL AUTO_INCREMENT, AUTO_INCREMENT=2;

--
-- AUTO_INCREMENT for table `arquivos_convenio`
--
ALTER TABLE `arquivos_convenio`
  MODIFY `id_arq_convenio` int(11) NOT NULL AUTO_INCREMENT, AUTO_INCREMENT=411;

--
-- AUTO_INCREMENT for table `arquivos_financeiro`
--
ALTER TABLE `arquivos_financeiro`
  MODIFY `id_arq_financeiro` int(11) NOT NULL AUTO_INCREMENT, AUTO_INCREMENT=968;

--
-- AUTO_INCREMENT for table `arquivos_hupe`
--
ALTER TABLE `arquivos_hupe`
  MODIFY `id_arq_hupe` int(11) NOT NULL AUTO_INCREMENT, AUTO_INCREMENT=115;

--
-- AUTO_INCREMENT for table `cepuerj`
--
ALTER TABLE `cepuerj`
  MODIFY `id_cepuerj` int(11) NOT NULL AUTO_INCREMENT, AUTO_INCREMENT=2;

--
-- AUTO_INCREMENT for table `convenio`
--
ALTER TABLE `convenio`
  MODIFY `id_convenio` int(11) NOT NULL AUTO_INCREMENT, AUTO_INCREMENT=59;

--
-- AUTO_INCREMENT for table `financeiro`
--
ALTER TABLE `financeiro`
  MODIFY `id_financeiro` int(11) NOT NULL AUTO_INCREMENT, AUTO_INCREMENT=222;

--
-- AUTO_INCREMENT for table `hupe`
--
ALTER TABLE `hupe`
  MODIFY `id_hupe` int(11) NOT NULL AUTO_INCREMENT, AUTO_INCREMENT=58;

--
-- AUTO_INCREMENT for table `login`
--
ALTER TABLE `login`
  MODIFY `id_usuario` int(11) NOT NULL AUTO_INCREMENT, AUTO_INCREMENT=6;

--
-- Constraints for dumped tables
--

--
-- Limitadores para a tabela `arquivos_convenio`
--
ALTER TABLE `arquivos_convenio`
  ADD CONSTRAINT `arquivos_convenio_ibfk_1` FOREIGN KEY (`id_bol_convenio`) REFERENCES `convenio` (`boletim`) ON DELETE CASCADE ON UPDATE CASCADE;

--
-- Limitadores para a tabela `arquivos_financeiro`
--
ALTER TABLE `arquivos_financeiro`
  ADD CONSTRAINT `arquivos_financeiro_ibfk_1` FOREIGN KEY (`id_bol_financeiro`) REFERENCES `financeiro` (`boletim`);

--
-- Limitadores para a tabela `arquivos_hupe`
--
ALTER TABLE `arquivos_hupe`
  ADD CONSTRAINT `arquivos_hupe_ibfk_1` FOREIGN KEY (`id_bol_hupe`) REFERENCES `hupe` (`boletim`);
COMMIT;

/*!40101 SET CHARACTER_SET_CLIENT=@OLD_CHARACTER_SET_CLIENT */;
/*!40101 SET CHARACTER_SET_RESULTS=@OLD_CHARACTER_SET_RESULTS */;
/*!40101 SET COLLATION_CONNECTION=@OLD_COLLATION_CONNECTION */;
